date,rec0DLyWBFR5oVxIP,rec0tmNhW5JYVB0do,rec1ierxC1o8k7tZX,rec4GzBp6CBydS2Wm,rec4ssBOnjnTYHrLi,rec5KMrVCdn73TqWv,rec7TMxtLJHgFmOyX,rec7oQvmmozLniL28,rec7sgHfShTmvdzWA,rec8mdUTKbXAAfXbp,rec8pNbXY9vIGtgty,rec9KBarEBzPWVIGW,rec9frsexPiviWPFG,rec9yPlSoJJzX38z2,recAsn1hXVXEUiCiJ,recBIzyM3Kwv1oO2Z,recCJLnPu5EFxJvrH,recCV3fjy0woa6qRp,recEjVVVxgKtfzq7z,recF1EoxtifSVHtII,recFTR8QvQsc8jd7l,recGE8hcmE0jzxzSc,recGIZ8azSAyfdiWC,recGWNIgKpoEsuG5i,recGhoTTJpFWMbYlk,recIlzwRFRQC93mBC,recJHrJNojKF52d5Q,recMI5Xp69uKPd9gl,recMSacEe7PMOnKdX,recN20GBt32t5xY3v,recNudGfmUsadrXXV,recOUu6cyqtJqz24i,recQHsAwEV7I9J9uo,recQPpkUBCNrSb2Di,recQRtEcEnhW9JjQq,recQzAdH65teVa2Uj,recReXBHyk9kofwJ2,recRhs1lzgj0R0o13,recRtvNjm9IRakbiI,recS0EoMsBQ3OncKY,recShfp3NCaoaTiRM,recTKQ78vtQFitxa3,recY8PtEBQwbahKzU,recYP7f2bi4yX1yic,recZGl58N7dzKLcsW,recZSemLtonrj5KE9,recdNhsyonuqezvQQ,recfKDHFvLh5i5hw1,recfarrcNXDpDULX6,recg6ZntBt4LeoVMt,recgiKxUSiP3AsCOB,recgtNZI9vmAkWZp6,recgzgIc3I5YLngcz,reck6Mnb5f3WMTV13,reckgVhMYziH5HBz9,recnoDbSqlDbhRL8j,recpbIrteIYiCVU3P,recpmtMJrODNH61HB,recrWHWNCeTwuGsaV,recs1PuhtIs5eVWLK,recsClIm0Y1k6LtCY,recsTShtcYpgvNaEL,recuJ50t0Ne2hd19L,recwPUuFDGsKpl811,recx47IOwOct75b7m,recxowGsJzelq0Cdg,recxwTLjMWqaV2sD7,recyWDdAm34KJ0nYp
2019-11-05,,,,,,,,,,,,,,,,,,,,,,,,,,,,,,,,,,,,,,,,,,,,,,,,,,0.4,,,,,,,,,,,,,,,,,,
2021-08-05,,,,,,,,,,,,,,,,,,,,,,,,,,,,,,,,,,,,,,,,,,,,,,,,,,,,,,,,,,,,,,,,,,,0.662,
2021-12-08,,,0.792,,,,,,,,,,,,,,,,,,,,,,,,,,,,,,,,,,,,,,,,,,,,,,,,,,,,,,,,,,,,,,,,,
2021-12-13,,,,,,,,,,,,,,,,,,,,0.772,,,,,,,,,,,,,,,,,,,,,,,,,,,,,,,,,,,,,,,,,,,,,,,,
2022-01-27,,,,,,,,,,,,,,,,,,,,,,,,,,,,,,,,,,,,,,,,,0.793,,,,,,,,,,,,,,,,,,,,,,,,,,,
2022-01-28,,,,,,,,,,,,,,,,,,,,,,,,,,,,,,,,,,,,,,,,,,,,,,,,,,,,,,,,,,,,,,,,,,,,0.824
2022-03-15,,,,,,,,,,,,,,,,,,0.815,,,,,,,,,,,,,,,,,,,,,,,,,,,,,,,,,,,,,,,,,,,,,,,,,,
2022-04-04,,,,,,,,,,,,,,,,,,,,,,,,,,,,,,,,,,,0.838,,,,,,,,,,,,,,,,,,,,,,,,,,,,,,,,,
2022-04-07,,,,,,,,,,,,,,,,,,,,,,,,,,,,,,,,0.705,,,,,,,,,,,,,,,,,,,,,,,,,,,,,,,,,,,,
2022-05-02,,,,,,,,,,,,,,,,,,,,,,,,,0.791,,,,,,,,,,,,,,,,,,,,,,,,,,,,,,,,,,,,,,,,,,,
2022-05-03,,,,,,,,,,,,,,,,,,,,,,,,,,0.745,,,,,,,,,,,,,,,,,,,,,,,,,,,,,,,,,,,,,,,,,,
2022-05-11,,,,,,,,0.699,,,,,,,,,,,,,,,,,,,,,,,,,,,,,,,,,,,,,,0.415,,,,,,,,,,,,,,,,,,,,,,
2022-07-06,,,,,,,,,,,,,,,,,,,,,,,,,,,,,,,,,,,,,,,,,,,0.744,,,,,,,,,,,,,,,,,,,,,,,,,
2022-11-28,0.855,,,,,,,,,,,,,,,,,,,,,,,,,,,,,,,,,,,,,,,,,,,,,,,,,,,,,,,,,,,,,,,,,,,
2023-02-24,,,,0.842,,,,,,,,,,,,,,,,,,,,,,,,,,,,,,,,,,,,,,,,,,,,,,,,,,,,,,,,,,0.762,,,,,,
2023-02-27,,,,,,,,,,,,,,,,,,,,,,,,,,,,,,,,,,,,,,,,,,,,,,,0.828,,,,,,,,0.792,,,,,,,,,,,,,
2023-03-14,,,,,,,,,0.953,,,,,,,,,,,,,,,,,,,,,,,,,,,,,,,,,0.953,,,,,,,,,,,,,,,,,,,,,,,,,,
2023-03-15,,,,,,,,,,,,,,,,0.8528,,,,,,,,,,,,,,,,,,,,,,,,,,,,,,,,,,,,,,,,,,,,,,,,,,,,
2023-03-20,,,,,,,,,,,,,,,,,,,,,,,,,,,,,,,,,,,,,,,,,,,,,,,,,,,,,,,,,,0.594,,,,,,,,,,
2023-03-30,,,,,,,,,,,,,,,,,,,,,,,,,,,,,,,0.427,,,,,,,,,,,,,,,,,,,,,,,,,,,,,,,,,,,,,
2023-04-11,,,,,,,0.708,,,,,,,,,,,,,,,,,,,,,,,,,,,,,,,,,,,,,,,,,,,,,,,,,,,,,,,,,,,,,
2023-04-12,,,,,,,,,,,,,,,,,,,,,,,,,,,,,,,,,,,,,,,0.578,,,,,,,,,,,,,,,,,,,,,,,,,,,,,
2023-04-19,,,,,,,,,,,,,,,,,,,,,,,,,,,,,,,,,0.407,,,,,,,,,,,,,,,,,,,,,,,,,,,,,,,,,,,
2023-04-24,,,,,,,,,,,,,,,,,,,,,,,,,,,,,,,,,,,,,,,,,,,,,,,,,0.781,,,,,,,,,,,,,,,,,,,
2023-05-04,,,,,,,,,,,,,,,,,,,,,,,,,,,,,,,,,,,,,,,,,,,,,,,,0.703,,,,,,,,,,,,,,,,,,,,
2023-05-05,,0.764,,,,,,,,,,,,,,,,,,,,,,,,,,,,,,,,,,,,,,,,,,,,,,,,,,,,,,,,,,,,,,,,,,
2023-05-17,,,,,,,,,,,,,,,,,,,,,,,0.84,,,,,,,,,,,,,,,,,,,,,,,,,,,,,,,,,,,,0.82,,,,0.868,,,,,
2023-06-07,,,,,,,,,,,,,,,,,,,,,,,,,,,,,,,,,,,,,,,,,,,,,,,,,,,,,,,,,0.718,,,,,,,,,,,
2023-06-24,,,,,,,,,,,,,,,,,,,,,,,,,,,,,,,,,,,,,,,,,,,,,,,,,,,,,,,,,,,,,,,,0.57,,,,
2023-06-27,,,,,,,,,,,,,,,,,,,0.742,,,,,,,,,,,,,,,,,,,,,,,,,,,,,,,,,,,,,,,,,,,,,,,,,
2023-07-05,,,,,,,,,,,,,,,,,,,,,,,,,,,,,,,,,,,,,,,,0.706,,,,,,,,,,,,,,,,,,,,,,,,,,,,
2023-07-18,,,,,,,,,,,,,,,,,,,,,,,,,,,,,,,,,,0.807,,,,,,,,,,,0.772,,,,,,,0.853,,,,,,,,,,,,,,,,
2023-07-20,,,,,,,,,,,,,,,,,,,,,,,,,,,,,,,,,,,,0.841,,,,,,,,,,,,,,,,,,,,,,,,,,,,,,,,
2023-09-06,,,,,,,,,,,,,,,,,,,,,0.89,,,,,,0.708,,,,,,,,,,,,,,,,,,,,,,,,,,,,,,,,,,,,,,,,,
2023-09-11,,,,,,,,,,,,,,,,,,,,,,,,,,,,,,,,,,,,,,,,,,,,,,,,,,,,,,,,,,,,,,,,,,0.476,,
2023-09-18,,,,,,,,,,,,,,,,,,,,,,,,,,,,,,,,,,,,,,,,,,,,,,,,,,,,,0.781,,,,,,,,,,,,,,,
2023-09-20,,,,,,,,,,0.68,,,,,,,,,,,,,,,,,,,,,,,,,,,,,,,,,,,,,,,,,,,,,,,,,,,,,,,,,,
2023-09-27,,,,,,,,,,,,,,,0.81,,,,,,,,,,,,,,,,,,,,,,,,,,,,,,,,,,,,,,,,,,,,,,,,,,,,,
2023-11-02,,,,,,,,,,,,,,,,,,,,,,,,,,,,,,0.744,,,,,,,,,,,,,,,,,,,,,,,,,,,,,,,,,,,,,,
2023-12-11,,,,,,,,,,,,0.867,,,,,,,,,,,,,,,,,,,,,,,,,,,,,,,,,,,,,,,,,,,,,,,,,,,,,,,,
2023-12-12,,,,,,,,,,,,,,,,,,,,,,,,,,,,,,,,,,,,,,0.536,,,,,,,,,,,,,,,,,,,,,,,,,,,,,,
2024-02-21,,,,,,,,,,,0.822,,,,,,,,,,,,,,,,,,,,,,,,,,,,,,,,,,,,,,,,,,,,,,,,,,0.714,,,,,,,
2024-02-26,,,,,,,,,,,,,,,,,,,,,,,,,,,,,,,,,,,,,,,,,,,,0.824,,,,,,,,,,,,,,,,,,,,,,,,
2024-03-01,,,,,0.764,,,,,,,,,,,,,,,,,,,,,,,,,,,,,,,,,,,,,,,,,,,,,,,,,,,,,,,,,,,,,,,
2024-04-23,,,,,,,,,,,,,,,,,,,,,,0.767,,,,,,,0.77,,,,,,,,,,,,,,,,,,,,,,,,,,,0.824,,,,,,,,,,,,
2024-05-07,,,,,,,,,,,,,,,,,,,,,,,,0.871,,,,,,,,,,,,,,,,,,,,,,,,,,,,,,,,,,,,,,,,,,,,
2024-05-09,,,,,,,,,,,,,,,,,,,,,,,,,,,,,,,,,,,,,,,,,,,,,,,,,,,,,,,,,,,,,,,,,0.8291,,,
2024-07-23,,,,,,,,,,,,,,,,,0.892,,,,,,,,,,,,,,,,,,,,,,,,,,,,,,,,,,,,,,,,,,,,,,,,,,,
2024-09-18,,,,,,0.618,,,,,,,,0.802,,,,,,,,,,,,,,0.484,,,,,,,,,0.709,,,,,,,,,,,,,,,,,0.83,,,,,,0.768,,,,,,,,
2024-09-19,,,,,,,,,,,,,,,,,,,,,,,,,,,,,,,,,,,,,,,,,,,,,,,,,,,0.848,,,,,,,,,,,,,,,,,
2024-12-26,,,,,,,,,,,,,0.889,,,,,,,,,,,,,,,,,,,,,,,,,,,,,,,,,,,,,,,,,,,,,,,,,,,,,,,
